{"132BRK15B9L3RTQzn1Dxhg==":"mbr-1920x1280.jpg","ibjSWR2v8/4QmW1xW7NZ6A==":"qn-vqsbg_400x400-400x400.jpg","D7oRNRNQZ9j8LuoXQgQDBg==":"img-179-408x378.jpg","gHv21uYRZwy2UyBIb6s2CQ==":"pic-300x300.png","7i26hjNVVNLc4dKNNhnchA==":"pos-1225x539.png","f6XG7rbg7AX+lCNSK6a+5w==":"sales-552x368.png","w+x9KjdcMSWBaFubrtUPfw==":"scp-1276x672.png","HJdobsMCrQVmdvgTSTT6mA==":"omangeek-1279x700.jpg","8q/b9cxz5u4MAXdHOILz8g==":"img-2160-408x408.jpeg","P4eix52vt/7fsr+pI/QxyQ==":"img-2161-408x408.jpeg","mPf23Xu8mt3y6sP5Ct+bnw==":"img-2162-408x408.jpeg"}